aromatic,ratio,g/L/hr
VA,1:4,0.007715034
VA,2:3,0.01255584
VA,1:1,0.015604593
VA,3:2,0.019210435
VA,4:1,0.021168523
VA,9:1,0.01334058
p-HBA,1:4,0.006340077
p-HBA,2:3,0.010328191
p-HBA,1:1,0.013506496
p-HBA,3:2,0.017152083
p-HBA,4:1,0.018295652
p-HBA,9:1,0.005478979
SA,1:4,0.005164095
SA,2:3,0.00941688
SA,1:1,0.012556821
SA,3:2,0.015584727
SA,4:1,0.016450197
SA,9:1,0.010440454